{
  "Workflows": [
    {
      "Path": null,
      "SortBy": 0,
      "VariablesSectionElementsOrder": null,
      "ArgumentsSectionElementsOrder": null,
      "ConstantsSectionElementsOrder": null,
      "AddedNamespaces": null
    },
    {
      "Path": "python.xaml",
      "SortBy": 0,
      "VariablesSectionElementsOrder": [
        "res&Sequence_3",
        "final&Sequence_3",
        "invoke_fn&Sequence_3",
        "load&Sequence_3",
        "b&Sequence_2",
        "a&Sequence_2",
        "result&Sequence_3"
      ],
      "ArgumentsSectionElementsOrder": [],
      "ConstantsSectionElementsOrder": [],
      "AddedNamespaces": null
    }
  ]
}